{"cameraMode":{"drawMode":0,"name":"Shaded","section":"Shading Mode"},"sceneLighting":true,"audioPlay":false,"sceneViewState":{"m_AlwaysRefresh":false,"showFog":true,"showSkybox":true,"showFlares":true,"showImageEffects":true,"showParticleSystems":true,"showVisualEffectGraphs":true,"m_FxEnabled":true},"in2DMode":false,"pivot":{"x":-42.28887176513672,"y":2.6426920890808107,"z":-3.4617514610290529},"rotation":{"x":-0.13827088475227357,"y":0.8119637966156006,"z":-0.21373963356018067,"w":-0.5252721309661865},"size":0.007249497342854738,"orthographic":false}