{"cameraMode":{"drawMode":0,"name":"Shaded","section":"Shading Mode"},"sceneLighting":true,"audioPlay":false,"sceneViewState":{"m_AlwaysRefresh":false,"showFog":true,"showSkybox":true,"showFlares":true,"showImageEffects":true,"showParticleSystems":true,"showVisualEffectGraphs":true,"m_FxEnabled":true},"in2DMode":false,"pivot":{"x":-67.30000305175781,"y":6.800000190734863,"z":-5.320000648498535},"rotation":{"x":-0.00034719155519269407,"y":0.9983071088790894,"z":-0.05786503478884697,"w":-0.005989959929138422},"size":10.683609962463379,"orthographic":true}